{
  "controller/App.controller.js.map": 1743740414955,
  "controller/AddSales.controller.js": 1740543442559,
  "controller/View1.controller.js": 1740637032750,
  "controller/Sales.controller.js": 1742359671645,
  "controller/ProductsAdd.controller.js": 1740379709210,
  "controller/Products.controller.js": 1740376868007,
  "controller/EditProduct.controller.js": 1740460710900,
  "controller/App.controller.js": 1739340822523,
  "model/models.js": 1739340822523,
  "manifest.json": 1743740414777,
  "Component.js": 1739340822519,
  "model/models-dbg.js": 1739340822523,
  "model/models.js.map": 1743740414943,
  "controller/View1-dbg.controller.js": 1740637032750,
  "controller/View1.controller.js.map": 1743740414970,
  "controller/Sales-dbg.controller.js": 1742359671645,
  "controller/Sales.controller.js.map": 1743740414953,
  "controller/ProductsAdd-dbg.controller.js": 1740379709210,
  "controller/ProductsAdd.controller.js.map": 1743740414950,
  "controller/Products-dbg.controller.js": 1740376868007,
  "controller/Products.controller.js.map": 1743740414954,
  "controller/EditProduct-dbg.controller.js": 1740460710900,
  "controller/EditProduct.controller.js.map": 1743740414958,
  "controller/App-dbg.controller.js": 1739340822523,
  "i18n/i18n.properties": 1739340824791,
  "controller/AddSales-dbg.controller.js": 1740543442559,
  "controller/AddSales.controller.js.map": 1743740414960,
  "Component-dbg.js": 1739340822519,
  "Component.js.map": 1743740414956,
  "Component-preload.js": 1743740415178,
  "Component-preload.js.map": 1743740415178,
  "view/View1.view.xml": 1742364299748,
  "view/Sales.view.xml": 1742360155474,
  "view/ProductsEdit.view.xml": 1740460667572,
  "view/ProductsAdd.view.xml": 1739358677968,
  "view/Products.view.xml": 1739357240756,
  "view/App.view.xml": 1739342554897,
  "view/AddSales.view.xml": 1740477658191,
  "css/style.css": 1742378886596,
  "index.html": 1740548751450
}